Shipment_ID,Date,Region,Transport_Mode,Distance_km,Shipment_Volume_kg,Promised_Time_hr,Delivery_Time_hr,Delay_Hours,Transport_Cost_INR,Fuel_Cost_INR,Damage_Rate,On_Time,Operational_Efficiency_kg_hr
SHP1001,2026-01-05,South,Road,1475.2983354095663,370.7939403038281,38.49754734798937,46.04202440483531,7.622809254000264,5554.466795248936,1333.0720308597447,0.04172618010809879,False,8.053380473532947
SHP1002,2026-03-23,West,Road,609.9326724158944,197.41724347015727,21.014869900081116,25.361313955037105,2.52849627859848,3169.743196007572,760.7383670418172,0.13390077150323507,False,7.784188304287267
SHP1003,2026-02-11,East,Road,793.6678639248883,256.11554946004145,24.77494132957198,28.3313513029449,2.845180275549006,3368.0710269322744,808.3370464637459,0.05092990451724918,False,9.040004718497826
SHP1004,2026-03-02,East,Rail,335.9132052086175,117.78651043128193,14.992476729462473,16.782348277795936,1.3308760115299307,1812.4659810454557,289.9945569672729,0.026009148044487115,False,7.018476108443097
SHP1005,2026-01-22,North,Rail,716.0187722259318,283.1319958292997,21.569673829815052,20.791438319999973,0.24280802341558783,2762.5638489603016,442.01021583364826,0.15,True,13.617720499737898
SHP1006,2026-01-21,North,Sea,113.52111346416581,173.51688092766784,19.810071075892942,19.480275035980704,0.7008500540585909,2645.456376514684,165.03713823693565,0.06349214297399952,True,8.9073116579297
SHP1007,2026-03-11,North,Road,869.4003022658459,162.8819777285211,26.521652044725062,30.98546822345155,4.229643793013008,2993.5307706253257,718.4473849500781,0.039100154378353055,False,5.2567215235832006
SHP1008,2026-01-01,West,Road,292.4547757484249,329.9502162179499,15.047557214588698,17.778009323479893,2.614035150676602,1728.410649119708,414.8185557887299,0.07666803494392302,False,18.559457935606762
SHP1009,2026-01-05,East,Air,457.3237535393973,642.6506458207668,3.7469058413898204,3.255607789383167,0.0,6178.502469388816,741.4202963266579,0.09275420866664671,True,197.39805510863715
SHP1010,2026-01-12,East,Road,428.9149659454603,495.2556695170749,19.30804976853902,20.438128840912384,1.017292912683716,2699.9257077094785,647.9821698502748,0.049229132083767085,False,24.231947717527262
SHP1011,2026-03-31,North,Road,699.8019848650517,125.99278809943037,21.777872556500387,30.532832014414375,7.4840579154791085,3107.10474449923,745.7051386798151,0.0733758876977614,False,4.126469108399441
SHP1012,2026-02-15,West,Road,426.9980443628451,173.41794098568994,17.755923267407763,23.094628874456752,4.78238362740875,1867.737216111668,448.2569318668003,0.06438865299222016,False,7.509016140869646
SHP1013,2026-02-03,West,Road,259.42979339613976,501.41001188935655,12.688024329260166,13.324017410469894,1.548799889011919,2002.3135828577783,480.5552598858668,0.05592486102818957,False,37.6320441832621
SHP1014,2026-02-18,North,Sea,607.7167593441234,174.10036330873996,31.88450853741742,34.55415018232357,2.758848706620502,1693.2639384865845,152.3937544637926,0.07037287420940273,False,5.038479094120575
SHP1015,2026-03-19,North,Air,295.8468053081372,264.1327367480257,4.66422124679447,4.020248062112421,0.0,6349.634688765333,761.9561626518399,0.04742973002788285,True,65.70060669570682
SHP1016,2026-03-31,North,Rail,425.28715741477697,404.4502163806227,13.603043458366782,13.397163673259676,0.10428014801974372,3009.4198045518265,481.50716872829224,0.06990655556977654,True,30.189242010075073
SHP1017,2026-02-14,South,Road,457.3237535393973,175.45990404529718,14.575206817139033,14.244314284635319,0.0,1351.809268260577,324.4342243825385,0.04446929756082545,True,12.317890530859575
SHP1018,2026-01-27,South,Road,503.3723591814122,304.5227836618843,18.429001595702662,20.855539998264305,2.8086548686448483,2382.885642770864,571.8925542650073,0.09956962628535596,False,15.185437479787682
SHP1019,2026-03-14,South,Road,437.00087300544055,143.4929604351,18.704185548416383,18.479122011340053,0.7790447605023885,2427.496395143867,582.5991348345281,0.04050631951521607,True,7.765139509714959
SHP1020,2026-01-26,South,Road,504.89582428191903,214.7013077292509,17.79282765419829,17.69070390898374,0.0,3072.8879084469713,737.493098027273,0.15,True,12.136391453605231
SHP1021,2026-02-16,East,Road,1493.112296557579,356.33812299203674,39.97115589069954,44.80619080570841,5.283521024486714,5344.658725714147,1282.7180941713953,0.053938368938238515,False,7.9528769704439695
SHP1022,2026-03-27,North,Rail,245.52974633668447,124.4437051974424,12.525728188888207,10.182169236886393,0.0,1556.9855545321816,249.11768872514907,0.013887999231084205,True,12.221728229248727
SHP1023,2026-02-25,South,Rail,916.8012187453102,380.7949746007125,22.653277430680475,25.20941212520254,0.9137570749207358,2446.9702023374093,391.5152323739855,0.06356863299914928,False,15.105269917025211
SHP1024,2026-03-04,South,Road,92.28378868333616,295.65676701028116,9.661076262005714,10.532091985379052,0.0,1462.3752534498185,350.97006082795644,0.03828447877734875,False,28.071988681899118
SHP1025,2026-02-17,South,Sea,235.08256740841873,404.99287523094176,20.669700681296785,21.16411106177321,0.7954509604164213,3195.7690900671964,287.61921810604764,0.15,False,19.135832071985448
SHP1026,2026-03-02,West,Air,517.9264491899509,338.0361267799094,7.51168265232122,8.553709564886143,1.0269716727724427,9118.938652067498,1094.2726382480996,0.13970333367734838,False,39.51924299225478
SHP1027,2026-03-22,North,Rail,428.71744755050145,304.5227836618843,14.62779183988042,14.064448056061954,0.37397969403558395,2600.2803008297087,416.04484813275343,0.05116925867941735,True,44.99840468439805
SHP1028,2026-01-26,South,Rail,611.0948128668044,320.176842658601,17.073357625867324,18.915274918981655,0.4853389908656376,2807.3955499421927,449.18328799075084,0.13589432845452873,False,16.926893425022364
SHP1029,2026-02-05,East,Road,381.09833722635045,235.99885477867687,17.120200673641282,20.148947710608233,1.5109160811484603,2201.1255628598788,528.2701350863708,0.15,False,11.712713644813604
SHP1030,2026-01-01,North,Road,447.8783856148682,319.6618207013576,16.608049120506045,21.67039781526347,4.936993712160205,2129.093829530017,510.9825190872041,0.058031769419695865,False,14.75108225637671
SHP1031,2026-01-08,East,Road,443.1350100893972,402.95057670224855,18.64961078939398,21.019725425440505,1.5512901206982503,2873.377084040799,689.6105001697917,0.07674738377178691,False,19.170116095548572
SHP1032,2026-02-21,North,Air,472.52594274266005,307.00776446341115,6.499032505285698,6.639261928432838,0.0,8526.087752412757,1023.1305302895308,0.13178111311487348,False,46.24124906846064
SHP1033,2026-03-20,North,Road,490.12777439456363,305.61478310654957,18.44162513452008,17.396720676507442,0.024475893088104606,2588.5406771969383,621.2497625272651,0.09897390309701384,True,17.567378863491914
SHP1034,2026-02-16,West,Road,433.32104760747694,203.14186385764867,16.621218867019092,18.08392059755649,1.7921604257083228,1919.6478908838199,460.71549381211673,0.047548110444515894,False,11.233286651628925
SHP1035,2026-02-25,West,Road,383.50996964954874,207.55668754472674,15.52577392762545,18.45198291262358,2.820666611580566,2736.0754278093077,656.6581026742339,0.15,False,11.248476032498962
SHP1036,2026-03-27,West,Road,410.39748599142524,138.18137039997004,17.79172842843645,18.68661656025551,1.2585263068138115,2486.7820272550134,596.8276865412032,0.08666574207142277,False,7.394670402445537
SHP1037,2026-01-14,South,Sea,526.3417899833878,782.322616668255,31.52295753996774,32.69917247454707,1.3511375565273562,2790.6747099529844,251.16072389576857,0.07947772409248269,False,23.92484449804387
SHP1038,2026-03-31,North,Rail,531.3105723796183,150.78805182947252,15.495422928649417,15.955528465968435,0.5332251833263109,2805.295312884778,448.84725006156447,0.13636471329355768,False,9.450520686362005
SHP1039,2026-01-28,East,Road,321.6701810099236,204.15962047831022,15.851526148635191,17.82880813901594,2.041984788673118,1797.3994502135554,431.3758680512533,0.030093409826167768,False,11.451108727315004
SHP1040,2026-03-28,South,Road,272.3111896895066,201.316038469812,11.76871736287557,11.810524155273557,0.0,1532.3796159442736,367.77110782662567,0.11649456559263785,False,17.045478746167394
SHP1041,2026-03-19,North,Road,172.24920763393658,488.92465963044754,11.486983882251707,12.800931954201136,2.16243212506671,1496.0333534825759,359.0480048358182,0.05416649429046376,False,38.19445813630682
SHP1042,2026-03-29,South,Road,1079.3494074836522,254.1126510933559,31.049175269797672,33.39200445914814,2.916442108652813,2645.456376514684,840.5424582803868,0.12394509180330812,False,7.609984941282514
SHP1043,2026-01-02,North,Road,225.92101053073873,593.6311340189319,12.215067619012192,12.286887276337879,1.0994870698856607,2257.805194230881,541.8732466154115,0.07943237355506122,False,48.31420038842127
SHP1044,2026-01-26,West,Road,292.8331355480517,206.3513207406502,13.576882674170228,14.886647797906136,0.5275126839869468,1155.5338668167956,277.32812803603093,0.13298297424223762,False,13.861503512541912
SHP1045,2026-01-14,North,Road,457.3237535393973,348.4332892051393,22.04362071277038,25.715009107878473,5.355905948580353,2663.119787022948,639.1487488855075,0.12008208331127618,False,13.549802286415973
SHP1046,2026-02-28,East,Rail,202.85983245562878,188.77562126287805,10.63899186409399,11.981853255879168,0.41998911713163656,953.8600126805941,152.61760202889505,0.07364000200426248,False,15.755127126953505
SHP1047,2026-02-25,South,Rail,163.23591355734936,972.4629920054148,9.343130878955066,10.942538177358792,0.4903277805934523,2384.2689166356563,381.483026661705,0.09989534579661169,False,88.86996565545809
SHP1048,2026-01-07,South,Road,343.3487410488305,155.52723633068896,13.06722129186067,14.829182142506328,2.003705320231753,1964.7749066085078,471.54597758604183,0.062037716313418034,False,10.48791732653186
SHP1049,2026-01-03,South,Road,757.7568039084065,354.3912010284434,21.841759898263057,23.646805543240628,3.8875553152394087,3261.5148426702826,782.7635622408678,0.09401911467860577,False,14.986853102860023
SHP1050,2026-01-23,North,Rail,457.3237535393973,423.51006689274755,14.18673912365134,13.897690674077507,0.0,2045.2836814681084,327.24538903489736,0.15,True,30.473412944979007
SHP1051,2026-01-18,West,Road,1268.4217058085837,375.24888666670506,35.574676107609754,40.13616149052161,4.612832711942911,4405.046324068202,1057.2111177763684,0.07055665416619414,False,9.34939647268766
SHP1052,2026-02-07,West,Sea,656.3390904586648,269.9108684422536,30.813590765563,30.79324057892176,0.788128389301892,2944.883443938808,265.0395099544927,0.15,True,8.765263524327152
SHP1053,2026-01-15,West,Rail,219.39373028499963,278.2718782638129,9.989300702890764,10.804448220611546,1.227322232767376,1700.2079997196752,272.03327995514803,0.0463797568557587,False,25.755306757170274
SHP1054,2026-03-05,West,Road,490.66552657171496,306.1564695274568,18.190701042423154,20.950495030959857,1.5356378294460225,2716.033521201492,651.848045088358,0.013372208885130365,False,14.613328662402976
SHP1055,2026-03-30,East,Road,176.74208248471984,275.654673428637,13.9481320522818,15.90137337142842,1.421299589305229,1275.0540634478552,306.01297522748524,0.15,False,17.33527456967542
SHP1056,2026-01-28,West,Rail,618.4787440848198,507.8232806076963,17.383041900214014,18.764599072067693,2.1212084633561563,2920.957879833072,467.35326077329154,0.02949335671649678,False,27.062836709558255
SHP1057,2026-03-15,North,Road,358.6079701643718,1008.0647179393771,16.530586160113526,19.20150051688135,3.9489936924441684,3344.194899397896,802.606775855495,0.14210569663081296,False,52.499267807384044
SHP1058,2026-02-08,North,Rail,610.8424541132159,219.94544058294687,17.875735006527062,18.469617879013928,0.8554967265746827,2832.659678064262,453.22554849028194,0.034226195435661216,False,11.908499787256536
SHP1059,2026-02-26,North,Sea,1014.8429362959878,140.6969605063718,42.75716198348098,46.6945706488206,4.108174088819973,2914.9322831494787,262.34390548345306,0.042220333171932904,False,3.013133187678758
SHP1060,2026-01-17,South,Rail,993.0980354936793,284.70252789748895,25.57817657802498,30.778456354723918,4.803320426808283,3437.597180150978,550.0155488241566,0.044062107358980425,False,9.250058697430173
SHP1061,2026-03-27,South,Road,426.7903620105029,1235.0171501291095,17.74994168176636,18.055409109308084,0.7337207975958524,3086.377254137512,740.7305409930028,0.015059315180305108,False,68.40150464895434
SHP1062,2026-03-31,South,Rail,700.5269657589956,192.09287664955005,19.94677629050034,20.355975950789826,0.0,2727.5371610900957,436.40594577441533,0.15,False,9.43668223591592
SHP1063,2026-02-13,West,Road,384.08578640865915,736.2091451695075,21.31327246457066,25.309733774347855,2.448338077729013,2502.8699120768215,600.6887788984371,0.02260184847332401,False,29.087984556980075
SHP1064,2026-01-25,South,Road,457.3237535393973,751.9993410920255,16.860265092228122,19.806374012697027,2.293708102513496,2968.137779708356,712.3530671300055,0.03580219174351765,False,37.96754219676709
SHP1065,2026-01-17,South,Sea,189.06737437992462,220.41815945598483,21.577991429085973,21.539520623221353,0.0,2212.7688618036464,199.14919756232817,0.027360123585196,True,10.233197075814035
SHP1066,2026-01-13,South,Road,295.9650036550511,408.6833674670581,14.421000552866472,14.59075280084202,0.31627262481818397,1688.4687191222283,405.23249258933475,0.15,False,28.0097520015193
SHP1067,2026-03-25,North,Sea,625.3079252042897,731.8811539007246,33.48566734791767,34.9996999264802,1.799371085906424,2677.064779985187,240.93583019866685,0.09430479649934491,False,20.911069393112008
SHP1068,2026-01-25,West,Sea,163.22496632619186,242.61595049106023,18.646165503332004,19.59067823329372,0.0,1527.0668932160324,137.43602038944292,0.025749274810774537,False,12.38425477678166
SHP1069,2026-03-09,North,Road,457.3237535393973,267.20891401582577,18.283409923839855,21.83339340420547,4.051834237126655,2645.456376514684,449.7141147722904,0.0538571788157622,False,12.238542542102362
SHP1070,2026-01-10,West,Road,511.2914677304209,217.0386606454243,18.56810606383059,20.723392845082934,2.119108614052357,2645.456376514684,493.43265293621516,0.05979928288015653,False,10.473123887960332
SHP1071,2026-03-08,West,Road,635.7935883621484,171.03766546398023,22.241110240232366,26.720035893410063,4.43796733167283,2956.1576747523477,709.4778419405634,0.06376201316126458,False,6.401101635726586
SHP1072,2026-01-18,North,Road,189.6502106410421,209.1177206750594,10.730437619015696,10.757741604803426,0.42873134003695634,1252.7649169262313,300.6635800622955,0.15,False,19.438812378769768
SHP1073,2026-03-27,North,Road,170.0775287711054,152.44941761871053,13.043976850424148,11.946004412116867,0.0,1738.5249133891703,417.24597921340086,0.09356206371650833,True,12.76154037446032
SHP1074,2026-02-03,West,Rail,763.2196445887043,304.5227836618843,19.97728752484141,21.077025607259767,0.841358479524219,2947.219500848346,471.55512013573536,0.02540617466413049,False,14.44809098476374
SHP1075,2026-01-08,East,Road,511.5079894568322,195.68666320899203,17.900333240168905,20.781281331562276,2.929751268877677,1722.9350635084743,413.5044152420338,0.07900805413291889,False,9.416486889659987
SHP1076,2026-02-09,East,Road,386.93542475949147,339.8764779606209,16.12113925289443,18.516239422513497,1.9949077940698112,2586.0974834421627,620.663396026119,0.05682401751776429,False,18.355588853931778
SHP1077,2026-03-24,West,Air,185.02220971151567,127.00892944633817,6.964391001988003,6.537510756836669,0.0,5168.759537716093,620.2511445259312,0.010481214922709202,True,19.427720147690355
SHP1078,2026-02-11,North,Road,372.9059396377441,358.51988571416433,15.726471638033535,20.591404951523383,3.888276274439412,1868.7468043758593,448.4992330502062,0.15,False,17.411142491646277
SHP1079,2026-02-10,South,Air,248.46351079270272,472.6905418808428,6.007958785683665,5.306539760714189,0.0,6059.829538127045,727.1795445752455,0.10393501335298437,True,89.07698108290909
SHP1080,2026-01-06,North,Road,742.7843927259547,99.82766971920397,23.197527317598823,30.83056531200569,6.263405767192553,2779.1989984547286,667.0077596291349,0.11146534399322644,False,3.2379448352291553
SHP1081,2026-02-21,West,Road,215.18674556137015,367.1355454122778,13.992563419103556,16.123591674630397,3.529137463389451,1877.1283339627103,450.51080015105043,0.07515990632238859,False,22.770084533332966
SHP1082,2026-01-26,East,Rail,411.0725960879637,587.1133759284792,14.896656488147585,16.24017430822843,0.9957017684353326,2007.8877115764562,321.262033852233,0.15,False,36.1519134453505
SHP1083,2026-03-05,South,Rail,703.9351203660283,304.5227836618843,21.617150970247117,25.31533435138078,3.317838835112364,1944.5836384105437,311.133382145687,0.05424616071043244,False,6.069566142071925
SHP1084,2026-02-28,North,Sea,639.2838576883009,749.8812140805092,33.366943818160344,33.263108714129274,0.5326105503216341,2975.7206344413617,267.81485709972253,0.005302896242180589,True,22.543930590648003
SHP1085,2026-02-25,South,Air,361.77319706897646,376.3277559903868,6.598103452380597,6.937618602669407,0.0,7109.190799984115,853.1028959980938,0.024566982576817067,False,54.24451494718751
SHP1086,2026-02-28,South,Air,643.7962915883478,202.8047065591076,6.455750838962787,7.479365774770915,0.0,10230.914028317282,1227.7096833980738,0.035565672278494796,False,27.115227770140617
SHP1087,2026-03-11,East,Road,704.5387842261463,289.83940893030797,24.832937476280335,26.656441900081273,3.596959495284187,2692.233137393111,646.1359529743467,0.05149118274776661,False,10.873146911982438
SHP1088,2026-02-02,East,Road,499.2986914604397,406.29512397959286,18.139457206962014,19.808349061784536,1.2666960088298724,2525.3594545228516,606.0862690854843,0.15,False,20.51130675819127
SHP1089,2026-02-22,West,Air,586.7083336557579,311.62575520325623,7.122291632483041,6.537299020829051,1.409624044610073,9918.485691875769,1190.2182830250922,0.07780701775037814,True,47.668884995218754
SHP1090,2026-01-22,South,Air,414.03050377558566,401.945214038596,5.662575751920723,5.795428116244464,0.9053842071423075,7791.164404588369,934.9397285506042,0.13728414955281143,False,69.35556890300339
SHP1091,2026-01-21,North,Sea,815.2495572854491,180.12112185803448,38.999522852640084,42.90760945825752,2.604753513696676,2948.8153330378104,265.39337997340294,0.03845471726500383,False,4.197882942727549
SHP1092,2026-03-11,East,Road,445.2579026891889,328.04423208827683,17.986309287362815,19.3795276912845,1.858644030635329,2188.6371308829057,525.2729114118973,0.06495169860311681,False,16.9273594957532
SHP1093,2026-03-11,East,Road,203.87029735618327,137.3396461452823,13.149986337299165,12.210882365771987,0.0,2100.0840857372086,504.02018057693004,0.12522266021904452,True,11.247315470850458
SHP1094,2026-01-04,East,Air,602.9793851572402,281.13238130892313,6.12010088894065,5.9617507057529044,0.0,9480.72234464646,1137.686681357575,0.05368647555125438,True,47.156010907607914
SHP1095,2026-03-16,West,Road,255.4552187748071,181.78974957797485,14.17963954427978,18.907143301582057,3.073178686771435,2000.1167463646411,480.02801912751386,0.14257174963439687,False,9.614871304369052
SHP1096,2026-03-03,South,Sea,872.4675025856228,199.42904952097874,42.75835112487533,44.525157783137956,3.2321524560274435,3456.493329368044,311.08439964312396,0.02218704088072682,False,4.479019490336408
SHP1097,2026-03-03,South,Sea,576.6813781002461,589.8399602945357,32.80383268837095,32.994016135990144,1.0312313769306707,3124.1970878301986,281.17773790471784,0.08919357382830902,False,17.877179845685212
SHP1098,2026-01-24,South,Road,145.72896753281455,544.6920375994009,12.679005667929912,13.922084417740649,0.045133403267036076,1700.5420624374244,408.13009498498184,0.1129801034098949,False,39.124316535913984
SHP1099,2026-02-24,North,Air,721.3402519114665,417.809658551534,5.940545360908791,7.426707235738977,0.0,11289.33647310795,1354.7203767729538,0.12591083521639157,False,56.257725703921714
SHP1100,2026-01-09,North,Air,539.6974829378673,163.8953278807936,5.070790781006525,5.318145718039758,0.33009991646545966,2645.456376514684,1146.100516487101,0.04138313849027565,False,30.818134096033116
SHP1101,2026-01-03,North,Road,669.6524730928186,251.13116005446585,23.697453859319022,28.693288494430806,5.987076797133098,2457.8041894055673,589.8730054573361,0.04039598316008463,False,8.752261355585258
SHP1102,2026-01-31,East,Sea,476.8416491871725,582.4269296955621,29.552557688134893,31.22923248958222,0.0,2383.662762365743,214.52964861291687,0.11911811968971371,False,18.65005583758276
SHP1103,2026-02-09,South,Road,851.1002809661126,323.0943230767329,28.098460664361856,32.804763704948854,3.4307491271876414,3475.8467279104266,834.2032146985024,0.04042530453821963,False,9.849006259660745
SHP1104,2026-02-05,South,Air,316.7718713511426,1070.232557170052,4.984399924512199,7.5333526824201416,2.005795167698156,7730.774707963294,927.6929649555952,0.0033518594967537085,False,142.0659037598957
SHP1105,2026-01-24,West,Road,739.4000063044807,371.0455426961676,23.7287084115776,26.55814085883561,3.479354326407946,3519.151136711913,844.5962728108591,0.028047723861155404,False,13.971066147603654
SHP1106,2026-01-06,North,Sea,548.3371370964762,332.163399187398,28.76815453923436,29.948917304906935,1.2199862383430027,2261.181092105581,203.50629828950227,0.04918493325807364,False,11.090998576198118
SHP1107,2026-03-07,South,Road,170.92397002757355,252.1403670872374,11.689950714968068,14.049736257026026,2.4880736068938214,1479.6695888424554,355.1207013221893,0.05674188023339566,False,17.946270483273054
SHP1108,2026-03-25,East,Road,162.69836128951755,321.6446927458501,13.185433806226953,15.243631854447184,1.793517004527768,1387.2075160531297,332.9298038527511,0.12896840774494492,False,21.10026638120451
SHP1109,2026-03-16,North,Sea,394.4805238207754,274.8269398661921,25.367721914325394,30.761373599381375,4.232850534550912,2128.5921769241477,191.57329592317328,0.12241029108283658,False,8.934156954282399
SHP1110,2026-01-04,North,Road,294.8491945063755,441.18300742072387,15.511267306457146,16.21480093936707,0.0,2541.2018349699515,609.8884403927883,0.05117130848382633,False,27.208660104460403
SHP1111,2026-03-20,South,Road,145.35467691199742,505.8227311633506,11.39961870846924,11.61565670658077,1.077938859699335,1175.3457702429682,282.0829848583124,0.09229601367798534,False,43.54663226890824
SHP1112,2026-01-06,North,Sea,230.7666522862284,193.97044395718723,21.20032631781051,22.424519176976286,0.12299569915014397,2829.0211521298315,254.61190369168483,0.0478933440621702,False,8.649926557013568
SHP1113,2026-02-20,West,Sea,425.0101858854241,143.71352028525044,25.504338641140702,27.632010471131245,1.8771661179800185,2701.275694476785,243.1148125029106,0.08265405917301294,False,5.2009795101734
SHP1114,2026-03-03,West,Rail,291.21704708175287,108.86265532233121,11.997106741047098,12.718896994641321,0.1721376169070905,2374.88584342469,379.9817349479504,0.15,False,8.559127050733787
SHP1115,2026-02-26,East,Rail,1349.1712019846086,395.2012899065245,27.54102232554838,34.751452084144624,6.037197071173362,3869.9946649422327,619.1991463907573,0.08697160640485631,False,11.372223783616667
SHP1116,2026-03-07,West,Road,320.4186562324136,162.90193053874805,15.051113281714235,16.037365493307668,1.8755164112042744,1904.7056420187093,457.1293540844902,0.02767427451889774,False,10.157649060671867
SHP1117,2026-03-20,West,Road,829.6078331697265,91.4607733566734,23.92692863191113,27.351643930646134,3.4533757617001735,2781.680611445,667.6033467468,0.11564466568804052,False,3.34388578575331
SHP1118,2026-03-16,North,Road,1015.0947809345787,370.0796425061869,31.195001355993234,38.317252539486915,7.547414824581053,3937.9843498724795,945.116243969395,0.026189765529651327,False,9.658303191879696
SHP1119,2026-01-08,West,Rail,348.804684575407,1177.501069991748,13.874792179233905,13.724603037595257,1.1040983986537176,3136.0593777388417,501.76950043821466,0.15,True,85.7949090961878
SHP1120,2026-01-26,South,Air,332.78661341505426,297.87114648579916,6.299979434926709,9.174022949509439,2.596675532498794,7290.976321441767,874.917158573012,0.09784177626782668,False,32.46897769115862
SHP1121,2026-02-20,West,Air,353.14775007308646,473.98227474750354,7.604337761193346,10.60499648260041,0.9914134801395234,6675.6520713553855,801.0782485626462,0.07989598058696215,False,44.69424157991613
SHP1122,2026-02-14,West,Air,424.4526790125787,312.625549596289,4.777555326957462,3.8246747546267077,0.5191816232738478,7705.651371773978,924.6781646128774,0.11878475207079515,True,81.73912022665613
SHP1123,2026-02-13,South,Road,457.3237535393973,283.04635724415715,18.585055261552938,19.57087931529479,1.0116485425814261,2175.0838749882287,522.0201299971749,0.13266316102859704,False,14.462628514752238
SHP1124,2026-01-05,North,Road,235.6596331050908,495.462696137472,14.628205566801853,16.442888032754247,1.3022481178925762,1418.3247628007707,340.39794307218494,0.05565666635683853,False,30.13234020389301
SHP1125,2026-03-11,North,Road,556.7718650863578,254.76689776956712,19.91554751130305,23.624205164516894,3.610195091888899,2979.556953393098,715.0936688143435,0.023367171014775208,False,10.78414685257738
SHP1126,2026-01-26,South,Road,457.3237535393973,346.2170092229411,17.836943477376092,20.158591710261895,2.4121506748983945,1986.297061172917,476.7112946815001,0.15,False,17.174662506146028
SHP1127,2026-03-09,West,Road,1374.7812107598656,356.7138049291555,35.9137230092699,44.27967321639576,9.405323297882514,5108.008297899042,1225.92199149577,0.08908948695296326,False,8.055926772220905
SHP1128,2026-01-19,West,Sea,745.7222924991881,206.96511458673223,35.91440464676642,37.55593262909082,1.4552985879722682,2618.254476819719,235.6429029137747,0.15,False,5.510850086742809
SHP1129,2026-03-25,North,Road,380.96012789483257,515.7505881068248,15.806361663254703,17.83490966705857,2.6339591854166073,2111.6501983835524,506.7960476120526,0.11211164346496058,False,28.918037586667808
SHP1130,2026-01-20,South,Road,628.3636175520821,271.448418391971,21.05613544932489,20.818738766744637,1.5145406814025906,2950.02675263238,708.0064206317712,0.06567681879394285,True,13.03865817393205
SHP1131,2026-01-12,South,Road,615.9085407517226,197.22400466666667,20.163558761015253,24.287753132244475,3.1685205948182364,2763.2191491480926,663.1725957955422,0.03860835993184363,False,8.120306707368153
SHP1132,2026-02-16,North,Air,798.3203518403269,401.44896479547907,8.102931126361174,10.630110593868324,1.7604708116335157,12264.89553160304,1471.7874637923649,0.15,False,37.76526699797869
SHP1133,2026-01-01,North,Rail,163.75336200361542,182.33444488832112,9.266708574167392,11.104484619945818,1.7964472642975613,1443.7864486558367,231.0058317849339,0.017949553136075092,False,16.419892604544017
SHP1134,2026-03-31,South,Road,223.70038139341355,303.5358230212107,13.683430574391037,13.866690324955599,0.0,1940.9369173377697,465.8248601610647,0.15,False,21.889565275352226
SHP1135,2026-01-14,West,Road,288.56398096577004,297.3721996989956,13.927327963757126,18.326074623360547,3.5392922494309724,2684.121167311639,644.1890801547934,0.11102278833243259,False,16.22672644363951
SHP1136,2026-03-05,South,Rail,462.9380489783263,543.072354831692,12.83233147531135,14.068267786755444,1.0564645860216282,2653.6526275603596,424.5844204096575,0.13593693441571295,False,38.60264554694977
SHP1137,2026-02-07,South,Road,283.54305484955825,388.0305323240068,14.831215806102172,17.24071496670924,1.6862851167980173,2470.4704618017986,592.9129108324316,0.12021268636868515,False,22.506638099015607
SHP1138,2026-02-06,East,Air,890.6881131535234,294.78172661451475,4.518155785560737,6.036856781739606,1.756686756877949,12854.928616900166,1542.5914340280199,0.01817742584912086,False,48.83033294846018
SHP1139,2026-01-11,South,Rail,241.82024942023375,468.6102804875251,10.91437095233805,11.963957943197208,0.0,2199.8549918742006,351.9767986998721,0.0727590626539372,False,39.16849948089129
SHP1140,2026-03-18,West,Road,527.8122840925442,642.0165948035309,17.954111205328633,20.880493583385295,2.669753797310517,2515.4750354835314,603.7140085160476,0.021697603795792924,False,30.747194372569165
SHP1141,2026-01-03,West,Road,545.9991047531306,406.17969836619744,22.359712548100525,28.427111651473652,5.912157548488428,2208.341677831948,530.0020026796675,0.08437413338028354,False,14.288461780644578
SHP1142,2026-02-02,North,Sea,574.650562404793,300.57398828214923,32.65146534175945,32.558177735449526,0.9227612646597025,2363.265101913023,212.69385917217207,0.06334987165326132,True,9.231904522558171
SHP1143,2026-01-06,South,Road,670.1765428983765,145.25489159041595,22.68891585990862,26.48226155518066,3.563781011830674,3467.576352710846,832.218324650603,0.02907380473110968,False,5.48498817926674
SHP1144,2026-02-19,South,Road,770.907282022852,166.3655515980017,26.177016388661684,30.91815840087158,5.406705946205457,3676.0484847658236,882.2516363437976,0.15,False,5.380836382328382
SHP1145,2026-01-10,South,Air,976.4613129656904,252.6806434692472,5.962231044282829,8.317320520621145,2.865715657561111,14534.376285799992,1744.125154295999,0.14600963188755423,False,30.380053629384093
SHP1146,2026-01-05,North,Sea,379.2918489304784,213.74170259884286,26.10504553348156,26.317517253741144,0.8647722229124777,1712.061023218344,154.08549208965096,0.04916406121876213,False,8.121651466513567
SHP1147,2026-01-23,East,Sea,289.83402695947893,304.5227836618843,22.897085862946174,22.744783185779585,0.7006852683527924,2645.456376514684,198.8159893923638,0.042723400719374846,True,11.85595146422201
SHP1148,2026-01-10,South,Air,578.3449424154721,308.3259364588636,6.52902590993785,8.22884303235142,0.0,9828.930358714428,1179.4716430457313,0.05584770908081434,False,37.46892913702334
SHP1149,2026-02-13,North,Road,573.1335128796953,399.9465906812997,22.067105718455103,26.426456310871224,3.294279342825396,2975.7670058532326,714.1840814047758,0.0594754398342294,False,15.134325464469145
SHP1150,2026-01-02,South,Road,704.2913419624031,287.5008084022889,24.151726814219163,26.213349155113182,0.5253283391786105,2412.4272737710007,578.9825457050401,0.04261118280566379,False,10.967725135046656
SHP1151,2026-01-13,West,Air,457.3237535393973,390.55777282223454,5.818154245943068,5.577362198872524,0.7375239685739063,4777.360318181527,573.2832381817832,0.06691077055200617,True,70.02553517165994
SHP1152,2026-02-09,North,Rail,682.7501807535003,309.65566688265136,17.027774726589687,17.952169598446957,0.8673918719285556,2765.2449812640934,442.43919700225496,0.05160430169217202,False,17.24892722211357
SHP1153,2026-01-02,North,Road,211.04999729939445,100.83579366669287,11.844819389402028,17.457159104128092,6.647145814889341,1822.9975987821526,437.5194237077166,0.11869229965028066,False,5.776185750798836
SHP1154,2026-03-25,South,Sea,535.1282475695931,178.28181584833428,30.175507016234917,31.20489898303339,1.585947868556124,1598.076168071098,143.8268551263988,0.15,False,5.713263675209107
SHP1155,2026-03-06,West,Road,372.69525615418127,276.0968871051827,16.47653135234409,17.33768279514114,1.595653029530311,2147.406527184991,515.3775665243978,0.15,False,15.924670578386543
SHP1156,2026-03-04,North,Road,845.6243830058389,153.648556136361,24.86093017634627,31.467902658823174,5.615305277323658,3542.9924667819996,850.3181920276799,0.08292698883372787,False,4.882707239889088
SHP1157,2026-03-14,East,Road,199.23886506947287,415.6987342949125,15.644821699641456,16.330840151708482,1.0030021945484338,2187.9736680289566,525.1136803269495,0.15,False,25.454828437067484
SHP1158,2026-01-17,East,Road,510.35748196712234,693.6121605256267,21.052120407286004,24.92665147945966,3.019827605218441,3260.607219531161,782.5457326874786,0.15,False,27.826126629851778
SHP1159,2026-01-09,North,Road,575.4954440383588,584.2441838287049,21.312030401936788,21.795327113607602,0.0,3310.224297865338,794.4538314876811,0.046937499451645937,False,26.805937840865916
SHP1160,2026-03-16,East,Road,380.86953612617225,265.76339513848166,16.621226236169083,21.059585755287017,2.595448517434102,1894.4455278187963,454.6669266765111,0.02541843205184034,False,12.61959272260432
SHP1161,2026-01-15,South,Road,510.1151438855266,678.5101070062218,18.97274806706709,20.69535533384231,2.9061626452870026,2154.7066106315265,517.1295865515664,0.050367034244402475,False,32.78562247716909
SHP1162,2026-01-24,East,Rail,356.3639860604819,324.3318115465028,11.93704304907299,12.94442964090243,0.0,2052.055056757606,328.328809081217,0.012001028519292028,False,25.055705082722504
SHP1163,2026-02-07,East,Air,497.71035762500753,248.29131545488767,6.150111925347649,7.067264621668231,0.0,9104.25727622434,1092.5108731469209,0.15,False,35.13259071885133
SHP1164,2026-02-04,South,Rail,563.4952734897489,213.2848369513657,17.154671657075827,19.179682056017207,2.803713469363008,3080.83450525047,492.93352084007523,0.12438586633569787,False,11.120353107441227
SHP1165,2026-02-18,North,Sea,347.1498455045332,253.06381052276313,22.958319981438713,23.76402665061724,0.0,2647.4721687900847,238.27249519110762,0.14381052774185896,False,10.649029065795553
SHP1166,2026-03-10,West,Road,433.1570210345272,241.4114525625879,18.02511630557986,21.354416027453535,3.0603837514526893,2541.678241255057,610.0027779012137,0.12215687858658619,False,11.304989668283412
SHP1167,2026-03-03,South,Road,136.16109012385016,328.234706901088,11.250378518990514,12.913480750240367,1.8450832392125793,1733.3153145471958,415.995675491327,0.02138852483933259,False,25.417988631374875
SHP1168,2026-03-01,North,Sea,371.6177132494252,326.46269652226897,22.923684469591667,22.732635801019406,0.4680997210053377,2208.4455599661824,198.7601003969564,0.06394082184659478,True,14.360969813611728
SHP1169,2026-02-19,North,Road,227.5637874820153,299.3685164816425,12.308450226273248,13.41061986329715,1.6774571981832525,1759.7728994147203,422.34549585953283,0.15,False,22.32324229105689
SHP1170,2026-03-19,East,Sea,422.21470536788416,380.05500542388734,26.297882902640406,28.82872188701728,0.8909893077481321,3251.824337167218,292.6641903450496,0.080487948458044,False,13.183206904328326
SHP1171,2026-03-16,East,Road,812.5453569582819,575.2791786953346,27.793253458772433,30.017852542343004,2.2240528284045835,3349.494474637464,803.8786739129913,0.09964558927491951,False,19.16456808107273
SHP1172,2026-01-09,North,Sea,885.3743077285786,503.8379932798207,41.93581086595859,46.25321169803982,3.6916968308560643,3913.1872710467082,352.18685439420375,0.02157069287655229,False,10.89303801364291
SHP1173,2026-02-03,South,Road,411.9447478647624,132.06657048997218,15.57960436426268,17.001599742551274,2.054714883622636,2071.6445288376226,497.1946869210294,0.02526663220200377,False,7.767890815558875
SHP1174,2026-03-17,North,Sea,239.570544869896,73.35739927679616,21.669823074485414,21.458126864165955,0.41218614665785136,2618.4984562925792,235.66486106633212,0.06609208101873185,True,3.418630141445361
SHP1175,2026-02-04,East,Road,227.9337423547085,499.63406035690105,11.491854845663724,13.420452844864972,1.063010151801294,1394.8345001430546,334.7602800343331,0.14191492431230476,False,37.22929964677567
SHP1176,2026-01-01,North,Sea,731.7507096357187,140.9234331910143,37.7664389407807,40.31994230787041,3.6331643363309354,2980.553069746163,268.2497762771547,0.15,False,3.4951298321551962
SHP1177,2026-02-09,East,Road,415.5656550488671,264.1135248164307,16.69226823133661,17.37339937512013,1.0133021581077393,2020.1934386376797,484.8464252730431,0.10053819788072549,False,15.202178866310927
SHP1178,2026-03-05,South,Rail,483.79110607673954,157.0301516550132,15.283838502180988,15.390390928404523,0.07933049736575004,1709.8873992367335,273.58198387787735,0.15,False,10.203129497198033
SHP1179,2026-01-22,West,Sea,410.355121068213,110.9312632314887,28.014553510432286,29.101061219348946,0.9974096274446178,2399.019772894629,215.9117795605166,0.025589133186586444,False,3.8119318878217348
SHP1180,2026-03-01,North,Road,604.3304893526703,402.5440373796224,19.64562224587953,25.18460748039249,5.682259862525886,3418.6990021057295,820.487760505375,0.15,False,15.983732829388888
SHP1181,2026-03-05,South,Rail,457.8250075076396,304.5227836618843,13.24754922345786,13.564205048334598,0.0,2154.8928484790695,344.78285575665114,0.014039621562176275,False,33.45164612650338
SHP1182,2026-03-13,North,Rail,667.8016652928433,217.65674977983514,18.04152926825467,19.58503460848557,0.9892207355766502,2057.464531447449,329.19432503159186,0.018931426553787954,False,11.113421759567961
SHP1183,2026-01-11,West,Road,672.6364930226234,71.8748735146865,23.859314892527834,28.961578967525973,4.514554038630673,2873.1646712324105,689.5595210957785,0.10025601725483307,False,2.4817318694978034
SHP1184,2026-01-14,West,Rail,271.1590553021524,221.3102478445027,9.706949351285106,8.918306304350844,0.0,1939.4771721252855,310.3163475400457,0.056327861064817644,True,24.81527773233526
SHP1185,2026-03-01,North,Rail,550.9868570606468,370.7367355264979,13.219356137915442,12.992032059572404,0.0,2837.196811479577,453.9514898367323,0.03839755955955022,True,28.53570048369321
SHP1186,2026-01-30,East,Sea,861.2114551988967,132.50211892354628,39.97146734487472,45.45109643522235,4.523818800846082,3287.9708400567206,295.91737560510484,0.09382008069344745,False,2.9152678222491395
SHP1187,2026-02-04,West,Road,600.0754545475313,330.5797581442326,21.76366092963334,27.68859625685446,5.209217577162023,2896.2572364759912,695.1017367542379,0.11984273034058915,False,11.93920251780174
SHP1188,2026-03-26,South,Road,565.7633332490446,296.3613784940055,21.827050209041694,23.386257447837785,2.6574947999809417,3571.932230355724,857.2637352853737,0.1221060145925989,False,12.67245856482291
SHP1189,2026-02-06,South,Sea,303.2607118360737,411.00703238703653,22.521103610374826,22.87811815743928,0.0758306267826887,2522.610460028896,227.03494140260062,0.019247390878504998,False,17.965071670608072
SHP1190,2026-01-05,North,Sea,306.24628936442434,319.18446716498,22.676484614099056,21.09390441459921,0.0,2208.6155262728653,198.77539736455788,0.08617458286467974,True,15.131597303724893
SHP1191,2026-03-24,North,Road,461.44509290349384,175.00456906318095,19.59812031659635,24.614337455104828,4.978669216860179,1710.0863623006476,410.4207269521554,0.15,False,7.109863078069011
SHP1192,2026-03-19,West,Rail,325.9489289322737,577.1569996336981,10.282654122770472,13.018001105766622,1.2171333695993685,2266.9745232339455,362.7159237174313,0.15,False,44.33530116832093
SHP1193,2026-01-26,West,Road,766.3134477840514,273.9125061667687,24.09863856528146,27.23717481134548,3.896850419879213,3213.852111742825,771.324506818278,0.04119665215082236,False,10.056568203713702
SHP1194,2026-03-03,East,Road,423.3076337777345,294.41269374617445,17.647417704946204,18.43476575183855,1.454806483285612,2781.1709420778957,667.481026098695,0.09280103378510818,False,15.97051450012658
SHP1195,2026-01-04,South,Road,315.89421928853903,178.87775194741937,15.720192034053271,16.379016141087195,0.04760028177563491,2162.3824472001484,518.9717873280356,0.08879315083287792,False,10.921153652123206
SHP1196,2026-03-30,South,Road,776.3292167381801,234.20452260516956,24.161757316883026,24.906587820712357,1.9790717159970477,2855.0935416694174,685.2224500006602,0.05705398282500694,False,9.403316274837323
SHP1197,2026-02-11,East,Rail,247.57257061304594,183.71001469025293,11.142648679738754,11.134608370566523,0.4981637147358007,1974.1309818828336,315.8609571012534,0.15,True,16.499009985468025
SHP1198,2026-03-30,West,Road,458.9970354364019,271.74922307894775,15.176445414162785,19.446075194588293,3.7924768703601046,2744.121334508873,658.5891202821296,0.05353039041170186,False,13.974502328087967
SHP1199,2026-01-18,West,Sea,338.2151030297167,766.1972660590334,23.37932387487803,22.871895196726506,0.0,3415.809725880214,307.42287532921927,0.026241469302867974,True,33.499509309079635
SHP1200,2026-02-09,West,Sea,1399.0803509621169,140.5346912894224,57.865471422631515,63.83237223278373,6.155676799921001,3941.05659261256,354.69509333513037,0.016224967899362456,False,2.201621001596507
SHP1201,2026-03-13,East,Rail,459.38604692009153,123.04390355642352,13.773720739259685,15.72798551933335,1.3589162118216365,2551.0377972899455,408.1660475663913,0.12378043624130508,False,7.823246238698145
SHP1202,2026-02-08,North,Road,282.50796770655154,671.2513655241972,14.556363726460676,19.885632313174693,4.992031719884769,2315.072884782936,555.6174923479047,0.029837001605791797,False,33.75559574635591
SHP1203,2026-01-14,North,Road,474.46730236697323,266.36617970999987,19.020982466941845,22.12471834240626,2.890281158428097,2665.457471895571,639.709793254937,0.0756254485401775,False,12.039302629198133
SHP1204,2026-02-01,West,Air,421.91970811851195,206.85333048341968,5.500325013044743,5.229027189628712,0.0,8263.653886629636,991.6384663955563,0.15,True,39.558664161030556
SHP1205,2026-02-20,East,Rail,307.86986379428225,529.5076317524671,12.402190412364654,13.232589756967997,0.5343504523881792,1744.4807348778522,279.11691758045635,0.032745269464206916,False,40.01541961758769
SHP1206,2026-02-07,North,Road,763.8500591840765,214.2002774172563,23.358263821326723,26.30414369956819,3.0448660223212736,3150.4708900073683,756.1130136017683,0.15,False,8.143214235131046
SHP1207,2026-01-23,North,Sea,640.7500771330455,815.9110506375386,33.37550637477242,37.02932046570728,3.2875696029942283,2869.9831149805937,258.2984803482534,0.10862200129985464,False,22.034189133801437
SHP1208,2026-03-04,East,Air,537.6049003585697,433.91958513997025,6.866114981119701,8.216244080358942,1.7476747193336246,9479.334761536784,1137.520171384414,0.06264730477875519,False,52.81240198027486
SHP1209,2026-01-15,North,Sea,295.9462963126339,228.5257111663318,23.03668931293193,23.579424365329793,0.6887902319014954,2780.8730386555053,250.27857347899547,0.04207584274163521,False,9.69174258139849
SHP1210,2026-01-25,North,Rail,1101.122257725017,978.9881294674076,25.916567162432678,27.696635082520114,2.572034154129046,3863.430773529476,618.1489237647162,0.0707814909316368,False,35.34682558190132
SHP1211,2026-01-17,South,Rail,560.8609851684449,214.18856937945733,17.06653214275704,18.87294760949091,1.83442155473886,1487.6822229385757,238.02915567017212,0.005417945921624343,False,11.348972816082277
SHP1212,2026-03-07,East,Road,336.5632172308987,449.50746207364085,16.46926544107433,15.86395129125183,0.04348654108057648,2084.9819598219237,500.3956703572617,0.03426469321652291,True,28.335151427344684
SHP1213,2026-03-19,East,Sea,800.3182294267672,352.3450387533262,36.1500151352935,38.83795244541092,3.579174470247012,3383.5500371710973,304.51950334539873,0.031155837833772276,False,9.072183690645597
SHP1214,2026-02-22,North,Sea,494.2369302555642,611.5261446556423,30.43579294843346,31.328617498923638,0.6858956322058662,3063.3979450157008,275.7058150514131,0.15,False,19.519729674526893
SHP1215,2026-02-20,East,Road,750.0646052076547,705.4466569795592,23.822840255408853,30.552880458409017,6.559848382314036,3854.655237615266,925.1172570276638,0.12151654146287785,False,23.089366580014236
SHP1216,2026-02-08,North,Road,573.4047918601844,304.1747226876294,21.056521083642117,25.955783865555844,4.272963793954868,2703.8252238917385,648.9180537340172,0.15,False,11.718957295344063
SHP1217,2026-02-20,South,Road,1282.424157563635,197.47661481084637,36.753866257616664,41.33556253956109,4.926596737604507,4249.6922703114515,1019.9261448747483,0.02148093358703288,False,4.777402378928486
SHP1218,2026-03-11,East,Air,257.16320917202705,384.9004304442312,3.94853619634657,4.274978473815975,0.0,6129.547491024197,735.5456989229036,0.045312723038040445,False,90.03564177029818
SHP1219,2026-01-06,East,Sea,346.4529065488646,205.87239737322244,23.575324126738963,24.87101007908846,0.8550478945305677,1957.6593107387773,176.18933796648994,0.15,False,8.277604999497784
SHP1220,2026-03-08,West,Road,1731.3947318000394,904.4825264085174,44.32446514411664,52.86904073939641,8.1887565490145,7607.175497687145,1825.7221194449148,0.08240779312374491,False,17.10798065860356
SHP1221,2026-01-07,East,Rail,441.35497999499836,322.1748569288962,13.684131774559747,13.905383313211665,0.8817744848936311,2607.9006198894554,417.26409918231286,0.15,False,23.169074139998294
SHP1222,2026-02-20,East,Road,242.41582701706307,244.46524382816906,15.732253620526318,15.85174440634327,0.0,1566.9290685307672,376.06297644738413,0.021791042718002623,False,15.421977390093629
SHP1223,2026-03-13,North,Sea,622.3074788264402,330.8199164387242,32.0189822007341,33.42425043351393,1.1139559959360992,2502.2994736027417,225.20695262424675,0.029141376881397858,False,9.89760165592275
SHP1224,2026-02-11,South,Air,801.0724242009719,142.46274696990088,5.973867757309937,7.144489809108697,1.1648792782724064,12194.92585855837,1463.3911030270044,0.15,False,19.940226772844074
SHP1225,2026-03-05,North,Air,437.98062445402377,175.14466311642437,6.187537269565925,4.518355142869057,0.0,7804.049649848112,936.4859579817734,0.05650384961051861,True,38.76292535190391
SHP1226,2026-01-15,North,Road,151.99376781653336,578.3780087968616,10.323957398219804,11.78092042258195,1.3285713251833604,2301.47341986786,552.3536207682863,0.07113568944651288,False,49.094466989880765
SHP1227,2026-01-29,West,Road,278.2473710277002,208.24351634521915,13.922003375636239,19.11207715728212,3.420048950128086,1962.2191561662662,470.93259747990385,0.08969548470538807,False,10.895912287894559
SHP1228,2026-02-02,South,Road,184.56778750464716,168.0394812989198,12.82610615318036,12.538074738174775,0.0,1270.7948125259768,304.9907550062344,0.12438185167145532,True,13.40233527140245
SHP1229,2026-01-27,West,Road,1191.5698201002385,401.48051989461754,33.02493876682929,36.990228878167144,4.547751789622113,5490.796007966546,1317.791041911971,0.0400948701429378,False,10.853691152248713
SHP1230,2026-02-05,East,Sea,176.36236082634622,573.717597632068,18.99925954514338,19.2979383929125,0.0,2428.8224082586844,218.5940167432816,0.03963042245752118,False,29.729476068945047
SHP1231,2026-01-29,West,Air,337.87014360627415,443.8223283026726,5.114551741227866,5.364454309601124,0.0,7254.6033662394975,870.5524039487397,0.15,False,82.73391899495425
SHP1232,2026-02-07,South,Sea,612.6506047966424,516.8880054701214,30.927967028878154,33.06414569037135,1.1819905291600605,2649.712927518607,238.47416347667462,0.15,False,15.632885552541131
SHP1233,2026-02-26,East,Sea,224.19394664314882,197.110148374206,20.991972686205486,21.404094776289725,1.4184166148113473,2300.2946230747107,207.02651607672396,0.09119011403143566,False,9.208992505142229
SHP1234,2026-01-27,South,Rail,573.4868926527637,136.72944692430286,19.13295409784512,20.03667372812737,0.31861542822225486,2579.162632940774,412.66602127052386,0.11230365491374283,False,6.823959344727106
SHP1235,2026-02-24,North,Air,316.3672330184872,682.4801951722999,5.730480481975678,6.202818130976849,0.0,6082.862259437917,729.94347113255,0.07055186368314022,False,110.02743926409781
SHP1236,2026-02-02,East,Sea,551.1436871462929,250.2664345676111,31.093557164018712,32.05013508534772,1.070295150881445,3448.071624708805,310.3264462237924,0.040884778271709755,False,7.8085921916137195
SHP1237,2026-03-09,South,Air,396.4389948735106,260.35389521422013,6.69364998858929,6.964599842926642,0.0,8020.639423001684,962.476730760202,0.12003122022843733,False,37.382462896075744
SHP1238,2026-03-27,North,Road,427.11120600504637,620.4883181874894,15.974953529249094,19.19267310324209,2.3941535887143086,2499.2155350926855,599.8117284222445,0.04445567103343864,False,32.3294371164314
SHP1239,2026-03-07,East,Road,790.5086089931377,405.8268152485119,27.11194694377923,30.81768107627576,3.007881828473769,3074.474468049875,737.87387233197,0.0751842636033202,False,13.168635701176353
SHP1240,2026-01-10,North,Road,238.29933062850102,384.0367590292452,13.807363943801134,15.425909375995914,2.5329608818537626,2063.4751817950028,495.23404363080067,0.04970278166596913,False,24.89556691074826
SHP1241,2026-01-05,West,Sea,549.8498918733353,983.139762600864,32.74103739994866,37.001897349502705,3.6047334001496525,3259.3941968064496,293.3454777125805,0.09914122368241801,False,26.569982433997456
SHP1242,2026-03-15,West,Rail,700.7626272254922,209.7811770280028,18.461499082198344,18.40974819817233,0.0,2889.0676878762447,462.2508300601992,0.032470094524268626,True,11.39511386955468
SHP1243,2026-02-07,West,Road,225.32123315490148,497.8565933751907,15.47586666446317,15.534165942875584,0.0,2057.072186919644,493.69732486071456,0.15,False,32.04913576988805
SHP1244,2026-01-13,South,Rail,185.26473907820338,308.38753380006443,10.898636394263619,11.496602428051302,0.5394084409863287,2108.2271495793098,337.31634393268956,0.05989657922488093,False,26.824232266013635
SHP1245,2026-01-31,North,Rail,400.6798127104225,346.445581162851,14.548735606848695,14.428541215810087,0.0,2923.570800611743,467.7713280978789,0.1172372420563979,True,24.011130160770026
SHP1246,2026-02-16,West,Road,131.02506276509817,692.7419993266817,11.61051815282999,14.90670865986154,2.342824509345899,2107.4067276004957,505.77761462411894,0.09686011189906388,False,46.47182789531463
SHP1247,2026-03-29,South,Road,531.701322761598,395.1674764121842,19.37887654917729,20.22314815122325,0.9112459699253304,2336.9708814168152,560.8730115400357,0.026816855627844128,False,19.5403541257389
SHP1248,2026-02-21,West,Rail,648.8741031739581,401.8435539029442,19.838348956967884,22.043900897331238,3.101188843069889,3381.816804669857,541.0906887471772,0.0764651211134381,False,18.229239723700342
SHP1249,2026-02-25,West,Road,205.57157591073076,539.0881146271568,13.051173008624547,15.302366899605142,2.5660177757563787,2643.4405842392835,634.425740217428,0.0757557520747919,False,35.22906738310315
SHP1250,2026-01-15,West,Air,714.253046981588,244.5148391153081,4.113079907583087,5.918869154532139,1.6628334735006716,12602.738005522144,1512.3285606626573,0.12045973043408696,False,41.31107357358636
SHP1251,2026-01-29,South,Road,850.8411336912922,188.3750049009312,24.985233197853518,30.49421747478321,4.5256124494920495,3055.6905479099073,733.3657314983777,0.06279864817672114,False,6.177400848429884
SHP1252,2026-01-08,South,Sea,562.2176571464496,168.23384452965368,30.946286883195253,33.37637736060134,1.9476147294470225,2647.781284806383,238.30031563257447,0.09044685679785047,False,5.04050642500953
SHP1253,2026-01-05,West,Rail,880.6873739033952,101.34229799116373,22.984496487133125,23.822846527824346,1.518778263688854,2096.896770979226,335.50348335667616,0.010755369063815032,False,4.253996174336223
SHP1254,2026-01-29,South,Rail,388.6693027176012,926.0367507254987,13.598808408185603,16.00528724117072,0.41832689964200354,3019.0586286876237,483.0493805900198,0.15,False,57.85817753669774
SHP1255,2026-02-16,North,Sea,342.15733811383575,162.91610887705855,25.755181763809762,26.129797051387012,0.16279503879486512,2035.9312399577498,183.23381159619748,0.14890291317200297,False,6.234878462954257
SHP1256,2026-03-09,South,Road,433.18598575001204,264.62414726657505,15.283385799612235,19.058398585510275,2.7547001954988284,3189.017117678104,765.3641082427449,0.15,False,13.884909903593032
SHP1257,2026-03-17,West,Road,256.6332028953234,256.6601111966291,14.11883058412543,15.57832604637495,1.580867009111305,1537.0590955057683,368.89418292138436,0.14226241827968972,False,16.475461511883907
SHP1258,2026-02-14,East,Road,334.754251518112,353.9209856335664,13.392471836162747,13.819159231927106,0.0,1462.1632912448063,350.9191898987535,0.029307832530802127,False,25.61089134973456
SHP1259,2026-01-02,East,Air,457.3237535393973,304.5227836618843,6.910352075953989,7.581926879568713,0.0,8307.814977856311,996.9377973427573,0.12987860542838445,False,61.73728811309912
SHP1260,2026-01-27,North,Rail,500.74576172762727,479.74773736523264,15.591117937717366,18.426551448788548,1.8608777416677764,1779.4230839589795,284.70769343343676,0.08748113269217223,False,26.03567676233708
SHP1261,2026-02-05,East,Rail,588.4561520137966,216.87201974286992,17.802734730316153,19.535161979856277,0.8865326052375457,2859.024061299344,457.44384980789505,0.06911586982084318,False,11.1016238292008
SHP1262,2026-02-05,West,Road,130.54225306786935,272.62113772054374,10.28297071953956,14.768363605773244,3.787635286175302,642.9656215316286,154.31174916759085,0.013200949624527844,False,18.4598067191392
SHP1263,2026-01-26,North,Road,1714.1701817823673,349.1211416675082,45.84723670512196,52.891278144803806,7.29611082463713,6179.7986816831735,1483.1516836039616,0.040700201432052135,False,6.600731801407731
SHP1264,2026-02-12,South,Road,272.128202880623,260.6607831532277,15.519407156883602,15.943520127924204,0.8815098046054488,1038.0524896944476,249.1325975266674,0.041570898745028485,False,16.349010824572836
SHP1265,2026-01-27,West,Road,647.3918568408277,723.4562445781584,22.787583514464842,30.307397391411413,7.253727868687215,3257.849114824445,781.8837875578669,0.15,False,23.870615983118803
SHP1266,2026-03-10,East,Rail,537.8990476485626,391.51985267366587,16.22456198828319,20.036710176332996,3.065645730176951,3291.228985977933,526.5966377564692,0.15,False,19.5401265591056
SHP1267,2026-01-20,East,Road,322.8984267547937,447.72660181722426,16.022879299745696,16.625253666143536,0.7805509270191235,2368.4451635365763,568.4268392487783,0.059986395698121246,False,26.93051250875024
SHP1268,2026-01-11,East,Road,617.0496663327718,430.3439177651015,20.606930300347926,24.40866517888452,2.9495973059650815,2692.5690483801022,646.2165716112245,0.0671744272988416,False,17.630784584541065
SHP1269,2026-03-15,South,Sea,275.6513733167638,569.8713431713417,23.240772206973723,25.24786854988037,0.8450029465177034,2515.84939298718,226.4264453688462,0.030423857462136474,False,22.571067416858913
SHP1270,2026-02-07,South,Road,457.34115427676716,330.1548732633946,20.10731778728802,21.375932725294774,2.001671673265486,2514.488075935178,603.4771382244427,0.038446669914095365,False,15.445168054478042
SHP1271,2026-01-06,West,Road,1192.3881007714092,146.4585463904482,34.72615143804605,40.71926416831822,6.662649293309188,4680.920001923198,1123.4208004615673,0.04700495078185898,False,3.5967876478573704
SHP1272,2026-03-13,West,Air,362.768799027133,372.34780362825046,4.922109342052519,4.809809294928249,0.0,6595.640708831663,791.4768850597995,0.0658673769262165,True,77.41425507678159
SHP1273,2026-01-23,West,Road,482.06968064703506,208.87870161088924,19.076819127540954,19.32290926209231,0.0,2724.4272252615365,653.8625340627688,0.04793706373031837,False,10.809899212261351
SHP1274,2026-02-16,West,Rail,250.16508116397142,223.46634588895955,9.596686168652738,9.66565042239209,0.4886178647529933,804.3990548275985,128.70384877241577,0.062219715861125055,False,23.11963873339165
SHP1275,2026-03-31,South,Sea,655.1033219516443,412.60891624954286,34.7588471843997,37.0511601649865,1.210550837493086,2605.0452192588664,234.45406973329796,0.04172733655512397,False,11.136194235544075
SHP1276,2026-02-15,South,Sea,300.7151099995119,304.5227836618843,23.538071282919795,23.877324772134557,0.0,2372.7870680070496,213.55083612063444,0.00904822066589275,False,24.732704459278846
SHP1277,2026-01-12,West,Road,543.4952091366679,302.3844942023451,17.679037249575316,23.33859066862702,5.627995780459114,2999.1601935182503,719.79844644438,0.02339671893297012,False,12.956416199064945
SHP1278,2026-03-31,East,Sea,769.6899624908051,354.198736068138,36.25867071514282,36.71121405015049,1.6012709541024872,2972.686336895709,267.5417703206138,0.054031573753951165,False,9.648243601649181
SHP1279,2026-01-13,East,Road,405.1623973559345,762.207035984228,16.701116602156116,16.859483853979043,1.2110199049649326,2132.5104502991635,511.8025080717992,0.1422942554610594,False,45.209393275959506
SHP1280,2026-03-03,West,Road,622.3463048481362,341.1813822820859,21.204516321100513,27.58485814995416,6.155534428628203,2581.1113461562218,619.4667230774932,0.02050227936125827,False,12.368429825790235
SHP1281,2026-03-23,West,Road,560.1806416274949,1250.0336035802604,18.819057711403577,18.455158892021494,1.3421776815417843,3670.4980277728673,880.9195266654881,0.10582506121956048,True,67.7335595371478
SHP1282,2026-03-30,South,Sea,784.8407017458568,407.9033687677591,38.593046404780644,41.351831464535735,1.9486751320398294,2994.5604570518026,269.51044113466224,0.041726312130132566,False,9.864215303682165
SHP1283,2026-03-01,South,Road,624.0628697326,113.47476557471015,21.903078116824446,23.523291116792315,1.7467360754657246,2563.0037469160297,615.1208992598471,0.014537952282615079,False,4.823932374569184
SHP1284,2026-02-12,North,Road,877.1331281474003,452.29647891415294,26.64048387802995,34.56264256787291,5.327684314167176,3626.1878871094596,870.2850929062703,0.13853746621604218,False,13.086281757129793
SHP1285,2026-03-17,East,Rail,403.13768816884186,368.5723805282238,13.022826348334362,15.677465298711192,0.808305949883942,2631.324920959807,421.0119873535691,0.0948265086233857,False,23.509692000946306
SHP1286,2026-03-09,North,Road,220.82897500964046,607.5071925575435,14.459052197734053,14.31389294233604,0.0,1839.354260596799,441.44502254323174,0.08298511056412922,True,42.4417868014596
SHP1287,2026-01-05,South,Road,175.1480082767996,432.7887541264427,14.235405374805946,14.762565280493003,0.6122295077121098,1738.8013425179845,417.3123222043163,0.024393930359733404,False,29.316636092937195
SHP1288,2026-02-06,South,Road,185.63985982463174,276.9533855488344,11.887223299063983,12.683688510265608,0.0,2585.139338201769,620.4334411684246,0.08201600220422967,False,21.83539790690072
SHP1289,2026-03-13,South,Road,393.7812213525438,152.41940583795272,16.069175144258878,18.475610076541123,1.0438968443478158,1573.575329393389,377.65807905441335,0.03410696639426634,False,8.249763077186982
SHP1290,2026-01-31,East,Road,508.7946363396328,266.4101952768513,19.789337455570077,20.405049145351057,1.9261349357297934,1824.1791641089021,437.8029993861365,0.15,False,13.05609182213356
SHP1291,2026-01-09,North,Road,313.6833562960317,187.20677416823352,14.705434667137611,15.326409023486729,2.0500747286328664,2297.915150516905,551.4996361240572,0.01577893658122691,False,12.21465340520087
SHP1292,2026-02-20,North,Rail,118.77425844350432,217.17687259113168,8.592255330904198,8.094627486460693,0.0,1413.3639211572463,226.1382273851594,0.0789408555901032,True,26.829755038683125
SHP1293,2026-01-29,West,Road,316.85354734348965,413.1117437855472,16.08869935172564,20.610770171592286,4.055880753327555,2036.3605078619346,488.7265218868643,0.04137607955283118,False,20.043488930604685
SHP1294,2026-03-19,South,Road,361.6701212950219,748.7816937335175,13.843566888637536,15.737447424114976,1.4963816630713618,2257.2221126139857,541.7333070273565,0.121279542216641,False,47.57961526760282
SHP1295,2026-02-09,North,Sea,460.045973410975,371.32190000136666,29.55839945891617,32.88772735985445,2.4735107369511953,2481.565022642525,223.34085203782723,0.04346812109373017,False,11.290591652575959
SHP1296,2026-02-10,South,Road,940.1651472276299,154.82018022669882,28.27399052977083,31.711616088361783,4.3973835812831945,4429.4620872332835,1063.070900935988,0.0911750742750625,False,4.882128359378004
SHP1297,2026-03-27,East,Rail,155.98610424700354,381.66049905982374,8.942319212834539,8.242671812656742,1.1532676901973034,2242.080364465067,358.7328583144107,0.08163942374997205,True,46.30300802147412
SHP1298,2026-01-11,North,Road,658.8211952906582,577.1760413612684,22.218360583489645,27.117080270481832,4.2123083307504725,3663.3149764925174,879.1955943582042,0.09616274788826396,False,21.28459390185715
SHP1299,2026-01-23,East,Road,625.7738766255678,213.70988178041372,21.591870989057288,24.836349920463512,3.907035949778411,2301.5822782945875,552.379746790701,0.06573942131212317,False,8.604721807544308
SHP1300,2026-01-01,North,Road,405.0936624170128,277.6303515830899,14.962009736220523,16.35163023034623,3.00441078563662,1827.2728505027585,438.545484120662,0.10983062214563741,False,16.978756715513825
